title,avg_rating,rating_count
Planet Earth II (2016),4.451739343459089,2041
Planet Earth (2006),4.448092868988391,3015
Band of Brothers (2001),4.423985890652557,2835
"Shawshank Redemption, The (1994)",4.416792045528881,122296
Cosmos,4.3432,625
Parasite (2019),4.3299459633841435,12399
"Godfather, The (1972)",4.32660258119567,75004
Blue Planet II (2017),4.312943962115233,1267
Twelve Angry Men (1954),4.305722891566265,332
Twin Peaks (1989),4.302561837455831,1132
